<?xml version="1.0" encoding="UTF-8"?><MD_Metadata xmlns:gts="http://www.isotc211.org/2005/gts" xmlns:gco="http://www.isotc211.org/2005/gco" xmlns:xalan="http://xml.apache.org/xalan" xmlns:srv="http://www.isotc211.org/2005/srv" xmlns:gmx="http://www.isotc211.org/2005/gmx" xmlns:xlink="http://www.w3.org/1999/xlink" xmlns:xsi="http://www.w3.org/2001/XMLSchema-instance" xmlns:gml="http://www.opengis.net/gml" xmlns="http://www.isotc211.org/2005/gmd">
    <language>
        <LanguageCode codeList="http://www.loc.gov/standards/iso639-2/php/code_list.php" codeListValue="eng" codeSpace="ISO639-2">eng</LanguageCode>
    </language>
    <characterSet>
        <MD_CharacterSetCode codeList="http://www.isotc211.org/2005/resources/Codelist/gmxCodelists.xml#MD_CharacterSetCode" codeListValue="utf8" codeSpace="ISOTC211/19115">utf8</MD_CharacterSetCode>
    </characterSet>
    <hierarchyLevel>
        <MD_ScopeCode codeList="http://www.isotc211.org/2005/resources/Codelist/gmxCodelists.xml#MD_ScopeCode" codeListValue="dataset" codeSpace="ISOTC211/19115">dataset</MD_ScopeCode>
    </hierarchyLevel>
    <hierarchyLevelName>
        <gco:CharacterString>dataset</gco:CharacterString>
    </hierarchyLevelName>
    <contact gco:nilReason="missing"/>
    <dateStamp>
        <gco:Date>2019-10-03</gco:Date>
    </dateStamp>
    <metadataStandardName>
        <gco:CharacterString>ISO 19139 Geographic Information - Metadata - Implementation Specification</gco:CharacterString>
    </metadataStandardName>
    <metadataStandardVersion>
        <gco:CharacterString>2007</gco:CharacterString>
    </metadataStandardVersion>
    <referenceSystemInfo>
        <MD_ReferenceSystem>
            <referenceSystemIdentifier>
                <RS_Identifier>
                    <code>
                        <gco:CharacterString>32735</gco:CharacterString>
                    </code>
                    <codeSpace>
                        <gco:CharacterString>EPSG</gco:CharacterString>
                    </codeSpace>
                    <version>
                        <gco:CharacterString>2.1(3.0.1)</gco:CharacterString>
                    </version>
                </RS_Identifier>
            </referenceSystemIdentifier>
        </MD_ReferenceSystem>
    </referenceSystemInfo>
    <identificationInfo>
        <MD_DataIdentification>
            <citation>
                <CI_Citation>
                    <title>
                        <gco:CharacterString>MDB District Municipalities 2018</gco:CharacterString>
                    </title>
                    <alternateTitle>
                        <gco:CharacterString>District Municipalities of South Africa 2018</gco:CharacterString>
                    </alternateTitle>
                    <date gco:nilReason="missing"/>
                    <citedResponsibleParty>
                        <CI_ResponsibleParty>
                            <individualName>
                                <gco:CharacterString>Daniel Sebake</gco:CharacterString>
                            </individualName>
                            <organisationName>
                                <gco:CharacterString>Municipal Demarcation Board</gco:CharacterString>
                            </organisationName>
                            <positionName>
                                <gco:CharacterString>Senior Manager: Operations Technology</gco:CharacterString>
                            </positionName>
                            <contactInfo>
                                <CI_Contact>
                                    <phone>
                                        <CI_Telephone>
                                            <voice>
                                                <gco:CharacterString>0123422481</gco:CharacterString>
                                            </voice>
                                        </CI_Telephone>
                                    </phone>
                                    <address>
                                        <CI_Address>
                                            <deliveryPoint>
                                                <gco:CharacterString>Block C1, Eco Origin Office Park, 349 Witch-Hazel Avenue, Centurion</gco:CharacterString>
                                            </deliveryPoint>
                                            <city>
                                                <gco:CharacterString>Pretoria</gco:CharacterString>
                                            </city>
                                            <administrativeArea>
                                                <gco:CharacterString>Gauteng</gco:CharacterString>
                                            </administrativeArea>
                                            <postalCode>
                                                <gco:CharacterString>0157</gco:CharacterString>
                                            </postalCode>
                                            <country>
                                                <Country codeList="http://www.iso.org/iso/country_codes/iso_3166_code_lists.htm" codeListValue="ZA" codeSpace="ISO3166-1">ZA</Country>
                                            </country>
                                            <electronicMailAddress>
                                                <gco:CharacterString>info@demarcation.org.za</gco:CharacterString>
                                            </electronicMailAddress>
                                        </CI_Address>
                                    </address>
                                </CI_Contact>
                            </contactInfo>
                            <role>
                                <CI_RoleCode codeList="http://www.isotc211.org/2005/resources/Codelist/gmxCodelists.xml#CI_RoleCode" codeListValue="distributor" codeSpace="ISOTC211/19115">distributor</CI_RoleCode>
                            </role>
                        </CI_ResponsibleParty>
                    </citedResponsibleParty>
                    <presentationForm>
                        <CI_PresentationFormCode codeList="http://www.isotc211.org/2005/resources/Codelist/gmxCodelists.xml#CI_PresentationFormCode" codeListValue="mapDigital" codeSpace="ISOTC211/19115">mapDigital</CI_PresentationFormCode>
                    </presentationForm>
                    <otherCitationDetails>
                        <gco:CharacterString>District Municipalities of South Africa, 2018</gco:CharacterString>
                    </otherCitationDetails>
                </CI_Citation>
            </citation>
            <abstract>
                <gco:CharacterString>The district (Category C) municipalities are municipalities that are comprised of local (Category B) municipalities. The Metropolitan (Category A) Municipalities are municipalities with the major cities as the core (e.g. City of Johannesburg) and they are outside the District Municipalities. When the boundaries of local municipalities change and affect the boundary of district municipalities, the new district municipal boundary is generated. In the District Municipalities 2018 shapefile there are 44 District Municipalities and 8 Metropolitan Municipalities. Note that Metropolitan Municipalities are included in the District Municipalities shapefile to ensure that the layer is continuous throughout the country. If the Metropolitan Municipalities were left out, there will be void spaces in the layer. The topology of the features has been checked to eliminate duplications of vertices and ensure the integrity of the feature geometry. The projection of the feature class is Geographic (Lat/Lon) andif one has to calculate the area of features, it must be transformed to UTM Projection and metres be used as units of measurements.</gco:CharacterString>
            </abstract>
            <purpose>
                <gco:CharacterString>District Municipalities 2018 is a shapefile and attributes information of all the district municipalities in South Africa. In the hierarchy of local government structure, the District Municipalities are contained within Provinces, then District Municipalities contain Local Municipalities. District Municipalities 2018 was published in the Year 2018 after the municipal boundaries had minor technical adjustments.
</gco:CharacterString>
            </purpose>
            <credit>
                <gco:CharacterString>Municipal Demarcation Board, 2018</gco:CharacterString>
            </credit>
            <pointOfContact>
                <CI_ResponsibleParty>
                    <contactInfo>
                        <CI_Contact>
                            <address>
                                <CI_Address/>
                            </address>
                        </CI_Contact>
                    </contactInfo>
                    <role>
                        <CI_RoleCode codeList="http://www.isotc211.org/2005/resources/Codelist/gmxCodelists.xml#CI_RoleCode" codeListValue="distributor" codeSpace="ISOTC211/19115">distributor</CI_RoleCode>
                    </role>
                </CI_ResponsibleParty>
            </pointOfContact>
            <resourceMaintenance>
                <MD_MaintenanceInformation>
                    <maintenanceAndUpdateFrequency gco:nilReason="missing"/>
                    <userDefinedMaintenanceFrequency>
                        <gts:TM_PeriodDuration>5 Years</gts:TM_PeriodDuration>
                    </userDefinedMaintenanceFrequency>
                </MD_MaintenanceInformation>
            </resourceMaintenance>
            <descriptiveKeywords>
                <MD_Keywords>
                    <keyword>
                        <gco:CharacterString>district municipalities</gco:CharacterString>
                    </keyword>
                    <type>
                        <MD_KeywordTypeCode codeList="http://www.isotc211.org/2005/resources/Codelist/gmxCodelists.xml#MD_KeywordTypeCode" codeListValue="theme" codeSpace="ISOTC211/19115">theme</MD_KeywordTypeCode>
                    </type>
                    <thesaurusName>
                        <CI_Citation>
                            <title>
                                <gco:CharacterString>District Municipalities of South Africa 2018</gco:CharacterString>
                            </title>
                            <alternateTitle>
                                <gco:CharacterString>District Municipalities 2018</gco:CharacterString>
                            </alternateTitle>
                            <date gco:nilReason="missing"/>
                            <citedResponsibleParty>
                                <CI_ResponsibleParty>
                                    <individualName>
                                        <gco:CharacterString>Daniel Sebake</gco:CharacterString>
                                    </individualName>
                                    <organisationName>
                                        <gco:CharacterString>Municipal Demarcation Board</gco:CharacterString>
                                    </organisationName>
                                    <positionName>
                                        <gco:CharacterString>Senior Manager: Operations Technology</gco:CharacterString>
                                    </positionName>
                                    <role>
                                        <CI_RoleCode codeList="http://www.isotc211.org/2005/resources/Codelist/gmxCodelists.xml#CI_RoleCode" codeListValue="distributor" codeSpace="ISOTC211/19115">distributor</CI_RoleCode>
                                    </role>
                                </CI_ResponsibleParty>
                            </citedResponsibleParty>
                            <citedResponsibleParty>
                                <CI_ResponsibleParty>
                                    <role>
                                        <CI_RoleCode codeList="http://www.isotc211.org/2005/resources/Codelist/gmxCodelists.xml#CI_RoleCode" codeListValue="pointOfContact" codeSpace="ISOTC211/19115">pointOfContact</CI_RoleCode>
                                    </role>
                                </CI_ResponsibleParty>
                            </citedResponsibleParty>
                            <otherCitationDetails>
                                <gco:CharacterString>Municipal Demarcation Board
Eco Origin Office Park, Block C1
349 Witch-Hazel Avenue, Highveld, 0157

Tel: (+27)12 342 2481
Website: www.demarcation.org.za
e-Mail: info@demarcation.org.za

</gco:CharacterString>
                            </otherCitationDetails>
                            <collectiveTitle>
                                <gco:CharacterString>Municipalities </gco:CharacterString>
                            </collectiveTitle>
                        </CI_Citation>
                    </thesaurusName>
                </MD_Keywords>
            </descriptiveKeywords>
            <descriptiveKeywords>
                <MD_Keywords>
                    <keyword>
                        <gco:CharacterString>Downloadable Data</gco:CharacterString>
                    </keyword>
                    <thesaurusName uuidref="723f6998-058e-11dc-8314-0800200c9a66"/>
                </MD_Keywords>
            </descriptiveKeywords>
            <resourceConstraints>
                <MD_Constraints>
                    <useLimitation>
                        <gco:CharacterString>MDB releases the municipal and ward boundary data in the public domain, i.e. for public use with only limited restrictions to ensure that the data is not misused.The user of municipal and ward boundary data shall not sell the data to third parties or appropriate it for commercial use.The user of municipal and boundary data may use it in research, publications, value-added products such as applications, but the user must recognise and acknowledge the MDB as the producer and custodian of these data.The user of municipal and boundary data shall not change the original dataset and pass it on to third parties as the product of the MDB.If there is any fault with the data from MDB, the user is expected to bring it to the attention of MDB – as it is prescribed in the Spatial Data Infrastructure Act 54 of 2003 – so that the quality and integrity of the data can be improved.</gco:CharacterString>
                    </useLimitation>
                </MD_Constraints>
            </resourceConstraints>
            <spatialRepresentationType>
                <MD_SpatialRepresentationTypeCode codeList="http://www.isotc211.org/2005/resources/Codelist/gmxCodelists.xml#MD_SpatialRepresentationTypeCode" codeListValue="vector" codeSpace="ISOTC211/19115">vector</MD_SpatialRepresentationTypeCode>
            </spatialRepresentationType>
            <language>
                <LanguageCode codeList="http://www.loc.gov/standards/iso639-2/php/code_list.php" codeListValue="eng" codeSpace="ISO639-2">eng</LanguageCode>
            </language>
            <characterSet>
                <MD_CharacterSetCode codeList="http://www.isotc211.org/2005/resources/Codelist/gmxCodelists.xml#MD_CharacterSetCode" codeListValue="utf8" codeSpace="ISOTC211/19115">utf8</MD_CharacterSetCode>
            </characterSet>
            <topicCategory>
                <MD_TopicCategoryCode>boundaries</MD_TopicCategoryCode>
            </topicCategory>
            <topicCategory>
                <MD_TopicCategoryCode>location</MD_TopicCategoryCode>
            </topicCategory>
            <topicCategory>
                <MD_TopicCategoryCode>planningCadastre</MD_TopicCategoryCode>
            </topicCategory>
            <environmentDescription>
                <gco:CharacterString> Version 6.2 (Build 9200) ; Esri ArcGIS 10.5.0.6491</gco:CharacterString>
            </environmentDescription>
            <extent>
                <EX_Extent>
                    <geographicElement>
                        <EX_GeographicBoundingBox>
                            <extentTypeCode>
                                <gco:Boolean>true</gco:Boolean>
                            </extentTypeCode>
                            <westBoundLongitude>
                                <gco:Decimal>15.756999</gco:Decimal>
                            </westBoundLongitude>
                            <eastBoundLongitude>
                                <gco:Decimal>33.462579</gco:Decimal>
                            </eastBoundLongitude>
                            <southBoundLatitude>
                                <gco:Decimal>-35.036414</gco:Decimal>
                            </southBoundLatitude>
                            <northBoundLatitude>
                                <gco:Decimal>-21.84192</gco:Decimal>
                            </northBoundLatitude>
                        </EX_GeographicBoundingBox>
                    </geographicElement>
                </EX_Extent>
            </extent>
        </MD_DataIdentification>
    </identificationInfo>
    <distributionInfo>
        <MD_Distribution>
            <distributionFormat>
                <MD_Format>
                    <name>
                        <gco:CharacterString>Shapefile</gco:CharacterString>
                    </name>
                    <version gco:nilReason="missing"/>
                </MD_Format>
            </distributionFormat>
            <distributionFormat>
                <MD_Format>
                    <name>
                        <gco:CharacterString>shapefile</gco:CharacterString>
                    </name>
                    <version>
                        <gco:CharacterString>10.5</gco:CharacterString>
                    </version>
                </MD_Format>
            </distributionFormat>
            <transferOptions>
                <MD_DigitalTransferOptions>
                    <transferSize>
                        <gco:Real>11.534</gco:Real>
                    </transferSize>
                </MD_DigitalTransferOptions>
            </transferOptions>
        </MD_Distribution>
    </distributionInfo>
    <dataQualityInfo>
        <DQ_DataQuality>
            <scope>
                <DQ_Scope>
                    <level>
                        <MD_ScopeCode codeList="http://www.isotc211.org/2005/resources/Codelist/gmxCodelists.xml#MD_ScopeCode" codeListValue="featureType" codeSpace="ISOTC211/19115">featureType</MD_ScopeCode>
                    </level>
                    <extent>
                        <EX_Extent>
                            <geographicElement>
                                <EX_GeographicDescription>
                                    <extentTypeCode>
                                        <gco:Boolean>false</gco:Boolean>
                                    </extentTypeCode>
                                    <geographicIdentifier gco:nilReason="missing"/>
                                </EX_GeographicDescription>
                            </geographicElement>
                        </EX_Extent>
                    </extent>
                </DQ_Scope>
            </scope>
        </DQ_DataQuality>
    </dataQualityInfo>
    <metadataConstraints>
        <MD_Constraints>
            <useLimitation>
                <gco:CharacterString>MDB releases the municipal and ward boundary data in the public domain, i.e. for public use with only limited restrictions to ensure that the data is not misused.The user of municipal and ward boundary data shall not sell the data to third parties or appropriate it for commercial use.The user of municipal and boundary data may use it in research, publications, value-added products such as applications, but the user must recognise and acknowledge the MDB as the producer and custodian of these data.The user of municipal and boundary data shall not change the original dataset and pass it on to third parties as the product of the MDB.If there is any fault with the data from MDB, the user is expected to bring it to the attention of MDB – as it is prescribed in the Spatial Data Infrastructure Act 54 of 2003 – so that the quality and integrity of the data can be improved.</gco:CharacterString>
            </useLimitation>
        </MD_Constraints>
    </metadataConstraints>
    <metadataConstraints>
        <MD_LegalConstraints>
            <accessConstraints>
                <MD_RestrictionCode codeList="http://www.isotc211.org/2005/resources/Codelist/gmxCodelists.xml#MD_RestrictionCode" codeListValue="copyright" codeSpace="ISOTC211/19115">copyright</MD_RestrictionCode>
            </accessConstraints>
            <useConstraints>
                <MD_RestrictionCode codeList="http://www.isotc211.org/2005/resources/Codelist/gmxCodelists.xml#MD_RestrictionCode" codeListValue="copyright" codeSpace="ISOTC211/19115">copyright</MD_RestrictionCode>
            </useConstraints>
        </MD_LegalConstraints>
    </metadataConstraints>
    <metadataMaintenance>
        <MD_MaintenanceInformation>
            <maintenanceAndUpdateFrequency gco:nilReason="missing"/>
            <userDefinedMaintenanceFrequency>
                <gts:TM_PeriodDuration>5 years</gts:TM_PeriodDuration>
            </userDefinedMaintenanceFrequency>
        </MD_MaintenanceInformation>
    </metadataMaintenance>
</MD_Metadata>
